"id","Name","Full_Address","Website","Plus_Code","Rating","Reviews","URL",
"157","Hungarian Electrotechnical Museum","Budapest, Kazinczy u. 21, 1075 Hungary","mmkm.hu","F3X7+55 Budapest, Hungary","4.1","209","https://www.google.com/maps/place/Hungarian+Electrotechnical+Museum/@47.5076282,19.0059231,12z/data=!4m9!1m3!2m2!1shistorical+places+near+Budapest,+Hungary!6e1!3m4!1s0x4741dc683c910b43:0xd6dc0b176af96be4!8m2!3d47.4979136!4d19.0629676?hl=en",
"156","Orthodox Cathedral of Our Lady","Budapest, Petőfi tér 2, 1052 Hungary","magyarorthodoxia.org","F3V2+89 Budapest, Hungary","4.7","151","https://www.google.com/maps/place/Orthodox+Cathedral+of+Our+Lady/@47.5076282,19.0059231,12z/data=!4m9!1m3!2m2!1shistorical+places+near+Budapest,+Hungary!6e1!3m4!1s0x4741dc47263828df:0xe9394cad79d14366!8m2!3d47.4933057!4d19.0508866?hl=en",
"155","Budavári Evangélikus Templom és Gyülekezet","Budapest, Táncsics Mihály u. 28, 1014 Hungary","budavar.lutheran.hu","G23J+V8 Budapest, Hungary","4.6","204","https://www.google.com/maps/place/Budav%C3%A1ri+Evang%C3%A9likus+Templom+%C3%A9s+Gy%C3%BClekezet/@47.5076282,19.0059231,12z/data=!4m9!1m3!2m2!1shistorical+places+near+Budapest,+Hungary!6e1!3m4!1s0x4741dc1f19bf44d9:0x9d6c8c02bd8def77!8m2!3d47.504646!4d19.0308629?hl=en",
"154","‪Shoes on the Danube Promenade Memorial","Budapest, Id. Antall József rkp. 18, 1052 Hungary","","G23V+HW Budapest, Hungary","4.6","118","https://www.google.com/maps/place/%E2%80%AAShoes+on+the+Danube+Promenade+Memorial/@47.5076282,19.0059231,12z/data=!4m9!1m3!2m2!1shistorical+places+near+Budapest,+Hungary!6e1!3m4!1s0x4741dc16c2916597:0x6c19b9878bc5bd0d!8m2!3d47.5039671!4d19.0448335?hl=en",
"153","Museum of Tax And Customs","Budapest, Munkácsy Mihály u. 19b, 1063 Hungary","nav.gov.hu","G37C+FR Budapest, Hungary","4.0","59","https://www.google.com/maps/place/Museum+of+Tax+And+Customs/@47.5076282,19.0059231,12z/data=!4m9!1m3!2m2!1shistorical+places+near+Budapest,+Hungary!6e1!3m4!1s0x4741dc76513e11e3:0x760867389ab50046!8m2!3d47.513712!4d19.072067?hl=en",
"152","Budapest Xplore","Budapest, Zrínyi u. 5, 1051 Hungary","budapestxplore.com","G22X+4H Budapest, Hungary","4.0","2","https://www.google.com/maps/place/Budapest+Xplore/@47.5076282,19.0059231,12z/data=!4m9!1m3!2m2!1shistorical+places+near+Budapest,+Hungary!6e1!3m4!1s0x4741dd3ef2d7907b:0x7e8520852982c566!8m2!3d47.5002512!4d19.0488878?hl=en",
"151","The Glass House Memorial Museum","Budapest, Vadász u. 29, 1054 Hungary","uveghaz.org","G343+6G Budapest, Hungary","4.6","37","https://www.google.com/maps/place/The+Glass+House+Memorial+Museum/@47.5076282,19.0059231,12z/data=!4m9!1m3!2m2!1shistorical+places+near+Budapest,+Hungary!6e1!3m4!1s0x4741dc1317053647:0xe58eb67902ecebfb!8m2!3d47.5055421!4d19.0537883?hl=en",
"150","Szamos Chocolate Museum","Budapest, 1051, Kossuth Lajos tér 10, 1055 Hungary","csokolademuzeum.hu","G24X+64 Budapest, Hungary","4.2","585","https://www.google.com/maps/place/Szamos+Chocolate+Museum/@47.5076282,19.0059231,12z/data=!4m9!1m3!2m2!1shistorical+places+near+Budapest,+Hungary!6e1!3m4!1s0x4741dc115bb0e503:0x460c5b7df525e468!8m2!3d47.505589!4d19.0478729?hl=en",
"149","Oszoly-csúcs","Csobánka, Hegyalja u. 12-13, 2014 Hungary","","JXWF+JG Csobánka, Hungary","4.9","303","https://www.google.com/maps/place/Oszoly-cs%C3%BAcs/@47.6465219,18.9037879,12z/data=!4m9!1m3!2m2!1shistorical+places+near+Budapest,+Hungary!6e1!3m4!1s0x476a785d6c29bdcb:0x46ebe4650da4726d!8m2!3d47.6465219!4d18.9738257?hl=en",
"148","Budapesti Fesztivál-és Turisztikai Központ","Budapest, Városház u. 9-11, 1052 Hungary","budapestinfo.hu","F3W3+2V Budapest, Hungary","3.7","3","https://www.google.com/maps/place/Budapesti+Fesztiv%C3%A1l-%C3%A9s+Turisztikai+K%C3%B6zpont/@47.5076282,19.0059231,12z/data=!4m9!1m3!2m2!1shistorical+places+near+Budapest,+Hungary!6e1!3m4!1s0x4741dc411a2ef5eb:0x29ce35ab0774903a!8m2!3d47.495003!4d19.0547251?hl=en",
"147","The House of Houdini","Budapest, Dísz tér 11, 1014 Hungary","thehouseofhoudini.com","F2XM+QX Budapest, Hungary","4.3","715","https://www.google.com/maps/place/The+House+of+Houdini/@47.5076282,19.0059231,12z/data=!4m9!1m3!2m2!1shistorical+places+near+Budapest,+Hungary!6e1!3m4!1s0x4741dc22dfc1673d:0xef78c7d678a21d3e!8m2!3d47.499424!4d19.034996?hl=en",
"146","3D Gallery Budapest","Budapest, Bajcsy-Zsilinszky út 17, 1065 Hungary","3dgallerybudapest.hu","G324+J3 Budapest, Hungary","4.5","1,663","https://www.google.com/maps/place/3D+Gallery+Budapest/@47.5076282,19.0059231,12z/data=!4m9!1m3!2m2!1shistorical+places+near+Budapest,+Hungary!6e1!3m4!1s0x4741dc6b1953ff77:0x3cb93f2a83ce13a6!8m2!3d47.5015526!4d19.0552006?hl=en",
"145","Felsővízivárosi Szent Anna templom","Budapest, Batthyány tér 7, 1011 Hungary","felsovizivaros.plebania.hu","G24Q+6C Budapest, Hungary","4.5","378","https://www.google.com/maps/place/Fels%C5%91v%C3%ADziv%C3%A1rosi+Szent+Anna+templom/@47.5076282,19.0059231,12z/data=!4m9!1m3!2m2!1shistorical+places+near+Budapest,+Hungary!6e1!3m4!1s0x4741dc1990094a4b:0x7c15e9f61b43202!8m2!3d47.5055679!4d19.0385113?hl=en",
"144","Segway Tours Budapest | GetSegway™","Budapest, Haris köz 4, 1052 Hungary","getsegway.hu","F3V3+CG Budapest, Hungary","5.0","137","https://www.google.com/maps/place/Segway+Tours+Budapest+%7C+GetSegway%E2%84%A2/@47.5076282,19.0059231,12z/data=!4m9!1m3!2m2!1shistorical+places+near+Budapest,+Hungary!6e1!3m4!1s0x4741dc40de3565a7:0xf0d99870202064cc!8m2!3d47.4936209!4d19.0538744?hl=en",
"143","Sas-hegy Tanösvény és Kiállítás","Budapest, Tájék u. 24, 1112 Hungary","dunaipoly.hu","F2J9+X8 Budapest, Hungary","4.6","297","https://www.google.com/maps/place/Sas-hegy+Tan%C3%B6sv%C3%A9ny+%C3%A9s+Ki%C3%A1ll%C3%ADt%C3%A1s/@47.5076282,19.0059231,12z/data=!4m9!1m3!2m2!1shistorical+places+near+Budapest,+Hungary!6e1!3m4!1s0x4741ddd36353f84b:0x9d15a626bf47c63a!8m2!3d47.482439!4d19.0182828?hl=en",
"142","Lukacs Baths","Budapest, Frankel Leó út 25-29, 1023 Hungary","lukacsfurdo.hu","G29P+4M Budapest, Hungary","4.4","5,943","https://www.google.com/maps/place/Lukacs+Baths/@47.5076282,19.0059231,12z/data=!4m9!1m3!2m2!1shistorical+places+near+Budapest,+Hungary!6e1!3m4!1s0x4741dc018b1208c7:0x90ef6aa74c38653f!8m2!3d47.5178187!4d19.0367351?hl=en",
"141","Elephant House","Budapest, Állatkerti krt. 12, 1146 Hungary","zoobudapest.hu","G39J+M3 Budapest, Hungary","4.2","49","https://www.google.com/maps/place/Elephant+House/@47.5076282,19.0059231,12z/data=!4m9!1m3!2m2!1shistorical+places+near+Budapest,+Hungary!6e1!3m4!1s0x4741db8602c07105:0xaf1a42aa9d0060c0!8m2!3d47.5191419!4d19.0802087?hl=en",
"140","Petofi Museum of Literature","Budapest, Károlyi utca 16, 1053 Hungary","pim.hu","F3R5+H7 Budapest, Hungary","4.6","1,087","https://www.google.com/maps/place/Petofi+Museum+of+Literature/@47.5076282,19.0059231,12z/data=!4m9!1m3!2m2!1shistorical+places+near+Budapest,+Hungary!6e1!3m4!1s0x4741dc44f2dd7689:0x76e2f48ea1ce16dc!8m2!3d47.491409!4d19.058189?hl=en",
"139","Budapest Christmas Fair and Winter Festival","Budapest, Vörösmarty tér, 1051 Hungary","budapestinfo.hu","F3W2+M3 Budapest, Hungary","4.4","4,964","https://www.google.com/maps/place/Budapest+Christmas+Fair+and+Winter+Festival/@47.5076282,19.0059231,12z/data=!4m9!1m3!2m2!1shistorical+places+near+Budapest,+Hungary!6e1!3m4!1s0x4741dc4080c8e30d:0x761b1626f5be6fa7!8m2!3d47.496652!4d19.0501299?hl=en",
"138","Capital Circus of Budapest","Budapest, Állatkerti krt. 12a, 1146 Hungary","fnc.hu","G39J+PC Budapest, Hungary","4.6","1,235","https://www.google.com/maps/place/Capital+Circus+of+Budapest/@47.5076282,19.0059231,12z/data=!4m9!1m3!2m2!1shistorical+places+near+Budapest,+Hungary!6e1!3m4!1s0x4741db85fdc5e7e9:0x7308379b71e27371!8m2!3d47.5192997!4d19.0811028?hl=en",
"137","VR Tours Kft.","Budapest, Lánchíd u. 23, 1013 Hungary","vrtoursofficial.com","F2WR+GJ Budapest, Hungary","4.9","77","https://www.google.com/maps/place/VR+Tours+Kft./@47.5076282,19.0059231,12z/data=!4m9!1m3!2m2!1shistorical+places+near+Budapest,+Hungary!6e1!3m4!1s0x4741dd50b9dfc397:0x1302183fa4affa0b!8m2!3d47.4963527!4d19.0415985?hl=en",
"136","Kazinczy Street Synagogue","Budapest, Kazinczy u. 29-31, 1075 Hungary","kazinczyutcaizsinagoga.hu","F3X6+CX Budapest, Hungary","4.4","286","https://www.google.com/maps/place/Kazinczy+Street+Synagogue/@47.5076282,19.0059231,12z/data=!4m9!1m3!2m2!1shistorical+places+near+Budapest,+Hungary!6e1!3m4!1s0x4741dc69b4ec5a3b:0x3007bee6ef275849!8m2!3d47.4985127!4d19.0623758?hl=en",
"135","Rumbach Street Synagogue","Budapest, Rumbach Sebestyén u., 1074 Hungary","","F3X5+3G Budapest, Hungary","4.2","410","https://www.google.com/maps/place/Rumbach+Street+Synagogue/@47.5076282,19.0059231,12z/data=!4m9!1m3!2m2!1shistorical+places+near+Budapest,+Hungary!6e1!3m4!1s0x4741dc42081362bf:0xee6817f97d1c6b26!8m2!3d47.4977046!4d19.0587541?hl=en",
"134","Budaszentlőrinc Pauline Monastery","'36.0""N 18°57'21.6""E, 4731 Hungary","","GXG4+MC Budapest, Hungary","4.5","44","https://www.google.com/maps/place/Budaszentl%C5%91rinc+Pauline+Monastery/@47.5076282,19.0059231,12z/data=!4m9!1m3!2m2!1shistorical+places+near+Budapest,+Hungary!6e1!3m4!1s0x4741df3774710ab1:0x2c5880e344be7db2!8m2!3d47.526664!4d18.956011?hl=en",
"133","Malonyai kastély","Halásztelek, II. Rákóczi Ferenc út 68, 2314 Hungary","","9X7Q+46 Halásztelek, Hungary","4.5","113","https://www.google.com/maps/place/Malonyai+kast%C3%A9ly/@47.3628259,18.9180824,12z/data=!4m9!1m3!2m2!1shistorical+places+near+Budapest,+Hungary!6e1!3m4!1s0x4741e5d35f48c823:0x8c3b762e53c273a6!8m2!3d47.3628259!4d18.9881202?hl=en",
"132","Statue of Prince Eugene of Savoy","Budapest, 1013 Hungary","","F2WR+H2 Budapest, Hungary","4.6","195","https://www.google.com/maps/place/Statue+of+Prince+Eugene+of+Savoy/@47.5076282,19.0059231,12z/data=!4m9!1m3!2m2!1shistorical+places+near+Budapest,+Hungary!6e1!3m4!1s0x4741dc3c72f44a09:0x9e2c992be3d17e08!8m2!3d47.4964699!4d19.0400694?hl=en",
"131","Epic Nights Budapest","Budapest, Wesselényi u. 11, 1077 Hungary","epicnightsbudapest.com","F3W6+RV Budapest, Hungary","4.3","6","https://www.google.com/maps/place/Epic+Nights+Budapest/@47.5076282,19.0059231,12z/data=!4m9!1m3!2m2!1shistorical+places+near+Budapest,+Hungary!6e1!3m4!1s0x4741dc6db50759ab:0x16b1c08b50e1a42!8m2!3d47.4970584!4d19.0621472?hl=en",
"130","Danubius Fountain","Budapest, Erzsébet tér 4, 1051 Hungary","","F3X3+82 Budapest, Hungary","4.5","247","https://www.google.com/maps/place/Danubius+Fountain/@47.5076282,19.0059231,12z/data=!4m9!1m3!2m2!1shistorical+places+near+Budapest,+Hungary!6e1!3m4!1s0x4741dc401866d409:0x19a170df56ded1c4!8m2!3d47.4983318!4d19.0525507?hl=en",
"129","Nehru Part","Budapest, Nehru part, 1093 Hungary","","F3J7+HH Budapest, Hungary","4.5","2,179","https://www.google.com/maps/place/Nehru+Part/@47.5076282,19.0059231,12z/data=!4m9!1m3!2m2!1shistorical+places+near+Budapest,+Hungary!6e1!3m4!1s0x4741dc5426bd3e87:0x9095ef6cbccd67e4!8m2!3d47.4814876!4d19.0639846?hl=en",
"128","Underground Railway Museum","Budapest, Erzsébet tér 14, 1051 Hungary","bkv.hu","F3X3+3W Budapest, Hungary","4.3","668","https://www.google.com/maps/place/Underground+Railway+Museum/@47.5076282,19.0059231,12z/data=!4m9!1m3!2m2!1shistorical+places+near+Budapest,+Hungary!6e1!3m4!1s0x4741dc41ce59500d:0x3d6380de9ef71559!8m2!3d47.4977067!4d19.0547602?hl=en",
"127","Columbo Statue","Budapest, Falk Miksa u., 1055 Hungary","","G27X+3H Budapest, Hungary","4.6","1,042","https://www.google.com/maps/place/Columbo+Statue/@47.5076282,19.0059231,12z/data=!4m9!1m3!2m2!1shistorical+places+near+Budapest,+Hungary!6e1!3m4!1s0x4741dc0f04574b23:0xdddcc6cb75275a39!8m2!3d47.5126465!4d19.0489237?hl=en",
"126","Bud Spencer Statue","Budapest, Corvin sétány 1, 1082 Hungary","","F3PG+86 Budapest, Hungary","4.5","553","https://www.google.com/maps/place/Bud+Spencer+Statue/@47.5076282,19.0059231,12z/data=!4m9!1m3!2m2!1shistorical+places+near+Budapest,+Hungary!6e1!3m4!1s0x4741dcf77586da8f:0x922475e966a7a124!8m2!3d47.4858242!4d19.0755845?hl=en",
"125","Rudas Baths","Budapest, Döbrentei tér 9, 1013 Hungary","rudasfurdo.hu","F2QX+M4 Budapest, Hungary","4.5","8,207","https://www.google.com/maps/place/Rudas+Baths/@47.5076282,19.0059231,12z/data=!4m9!1m3!2m2!1shistorical+places+near+Budapest,+Hungary!6e1!3m4!1s0x4741dc48793a07bf:0xe30c631dc2a0f87a!8m2!3d47.4891977!4d19.0477808?hl=en",
"124","מצודת הדייגים","Budapest, halaszbastya, Hungary","","G22M+VW Budapest, Hungary","4.7","179","https://www.google.com/maps/place/%D7%9E%D7%A6%D7%95%D7%93%D7%AA+%D7%94%D7%93%D7%99%D7%99%D7%92%D7%99%D7%9D%E2%80%AD/@47.5076282,19.0059231,12z/data=!4m9!1m3!2m2!1shistorical+places+near+Budapest,+Hungary!6e1!3m4!1s0x4741dc1880df4fcf:0xffc1d4af82d9fee9!8m2!3d47.5021827!4d19.0347812?hl=en",
"123","Piroska Szántó Memorial Museum","Budapest, Várkert rkp. 17, 1013 Hungary","museum.hu","F2RW+J5 Budapest, Hungary","4.7","3","https://www.google.com/maps/place/Piroska+Sz%C3%A1nt%C3%B3+Memorial+Museum/@47.5076282,19.0059231,12z/data=!4m9!1m3!2m2!1shistorical+places+near+Budapest,+Hungary!6e1!3m4!1s0x4741dc38717ef7a7:0xa86ffbffa31fee1d!8m2!3d47.4915405!4d19.0453864?hl=en",
"122","Gül Baba and Rosegarden","Budapest, Mecset u. 14, 1023 Hungary","gulbabaalapitvany.hu","G28M+9X Budapest, Hungary","4.7","2,193","https://www.google.com/maps/place/G%C3%BCl+Baba+and+Rosegarden/@47.5076282,19.0059231,12z/data=!4m9!1m3!2m2!1shistorical+places+near+Budapest,+Hungary!6e1!3m4!1s0x4741dc0215ef3f7d:0xc11b28f218965f53!8m2!3d47.5159689!4d19.0349263?hl=en",
"121","Franz Liszt Memorial Museum","Budapest, Vörösmarty u. 35, 1064 Hungary","lisztmuseum.hu","G348+QJ Budapest, Hungary","4.4","406","https://www.google.com/maps/place/Franz+Liszt+Memorial+Museum/@47.5076282,19.0059231,12z/data=!4m9!1m3!2m2!1shistorical+places+near+Budapest,+Hungary!6e1!3m4!1s0x4741dc71deb745b7:0xf46abe0cba5c20f2!8m2!3d47.5069134!4d19.066522?hl=en",
"120","Flippermúzeum","Budapest, Radnóti Miklós u. 18, 1137 Hungary","flippermuzeum.hu","G373+RP Budapest, Hungary","4.8","2,740","https://www.google.com/maps/place/Flipperm%C3%BAzeum/@47.5076282,19.0059231,12z/data=!4m9!1m3!2m2!1shistorical+places+near+Budapest,+Hungary!6e1!3m4!1s0x4741dc8e631e1345:0xceee40f64ddf098e!8m2!3d47.51456!4d19.054343?hl=en",
"119","Fiumei Road Graveyard","Budapest, Fiumei út 16-18, 1086 Hungary","fiumeiutisirkert.nori.gov.hu","F3WM+9V Budapest, Hungary","4.7","318","https://www.google.com/maps/place/Fiumei+Road+Graveyard/@47.5076282,19.0059231,12z/data=!4m9!1m3!2m2!1shistorical+places+near+Budapest,+Hungary!6e1!3m4!1s0x4741dc8b09fec997:0x986073c785ded0c5!8m2!3d47.495967!4d19.084736?hl=en",
"118","Róth Museum","Budapest, Nefelejcs u. 26, 1078 Hungary","rothmuzeum.hu","G33J+9F Budapest, Hungary","4.8","207","https://www.google.com/maps/place/R%C3%B3th+Museum/@47.5076282,19.0059231,12z/data=!4m9!1m3!2m2!1shistorical+places+near+Budapest,+Hungary!6e1!3m4!1s0x4741dc62d041b08f:0x3d54ff22f9f77505!8m2!3d47.503454!4d19.0811509?hl=en",
"117","Garden of Philosophers","Budapest, 1016 Hungary","kozterkep.hu","F2QQ+PQ Budapest, Hungary","4.7","2,110","https://www.google.com/maps/place/Garden+of+Philosophers/@47.5076282,19.0059231,12z/data=!4m9!1m3!2m2!1shistorical+places+near+Budapest,+Hungary!6e1!3m4!1s0x4741dc3716c1a04d:0xf0c3ca386b52c874!8m2!3d47.4892772!4d19.0394019?hl=en",
"116","Jaki Chapel","Budapest, 1146 Hungary","jakikapolna.hu","G38M+73 Budapest, Hungary","4.7","269","https://www.google.com/maps/place/Jaki+Chapel/@47.5076282,19.0059231,12z/data=!4m9!1m3!2m2!1shistorical+places+near+Budapest,+Hungary!6e1!3m4!1s0x4741db87116792bb:0xd6d17551cb7d9e0c!8m2!3d47.5156531!4d19.0827132?hl=en",
"115","Szemlő Mountain Cave","Budapest, Pusztaszeri út 35, 1025 Hungary","dunaipoly.hu","G2HG+72 Budapest, Hungary","4.7","1,795","https://www.google.com/maps/place/Szeml%C5%91+Mountain+Cave/@47.5076282,19.0059231,12z/data=!4m9!1m3!2m2!1shistorical+places+near+Budapest,+Hungary!6e1!3m4!1s0x4741d94de5fa5bff:0xab5cb9d510af4e8f!8m2!3d47.5282466!4d19.0250188?hl=en",
"114","Klauzál tér","Budapest, Klauzál tér 3, 1072 Hungary","","F3X7+VC Budapest, Hungary","4.1","1,639","https://www.google.com/maps/place/Klauz%C3%A1l+t%C3%A9r/@47.5076282,19.0059231,12z/data=!4m9!1m3!2m2!1shistorical+places+near+Budapest,+Hungary!6e1!3m4!1s0x4741dc68f9d147cf:0x2de4b119f530e842!8m2!3d47.4996948!4d19.0635719?hl=en",
"113","Károlyi Garden","Budapest, Károlyi kert 25, 1053 Hungary","kertszovetseg.net","F3R5+RW Budapest, Hungary","4.7","1,944","https://www.google.com/maps/place/K%C3%A1rolyi+Garden/@47.5076282,19.0059231,12z/data=!4m9!1m3!2m2!1shistorical+places+near+Budapest,+Hungary!6e1!3m4!1s0x4741dc436086c915:0x7442f23220e2644!8m2!3d47.4920944!4d19.059775?hl=en",
"112","Teleki–Tisza-kastély Nagykovácsi","Nagykovácsi, Kossuth Lajos u. 2, 2094 Hungary","teleki-tisza-kastely.hu","HVGR+7J Nagykovácsi, Hungary","4.5","96","https://www.google.com/maps/place/Teleki%E2%80%93Tisza-kast%C3%A9ly+Nagykov%C3%A1csi/@47.5076282,19.0059231,12z/data=!4m12!1m3!2m2!1shistorical+places+near+Budapest,+Hungary!6e1!3m7!1s0x476a76f723eafd95:0xc1f01d8e323057bc!5m2!4m1!1i2!8m2!3d47.575731!4d18.89151?hl=en",
"111","Museum of Fine Arts","Budapest, Dózsa György út 41, 1146 Hungary","szepmuveszeti.hu","G38G+FH Budapest, Hungary","4.7","4,533","https://www.google.com/maps/place/Museum+of+Fine+Arts/@47.5076282,19.0059231,12z/data=!4m9!1m3!2m2!1shistorical+places+near+Budapest,+Hungary!6e1!3m4!1s0x4741db883b6fa1fb:0x1b4bb797f6b7e339!8m2!3d47.5162036!4d19.0764374?hl=en",
"110","Hungarian Museum of Trade and Tourism","Budapest, Korona tér 1, 1036 Hungary","mkvm.hu","G2QV+F7 Budapest, Hungary","4.7","663","https://www.google.com/maps/place/Hungarian+Museum+of+Trade+and+Tourism/@47.5076282,19.0059231,12z/data=!4m9!1m3!2m2!1shistorical+places+near+Budapest,+Hungary!6e1!3m4!1s0x4741dc6b215c23b5:0x3ea55dac87d2818a!8m2!3d47.538689!4d19.0432167?hl=en",
"109","The Fat Policeman Statue","Budapest, Zrínyi u., 1051 Hungary","","G322+69 Budapest, Hungary","4.5","514","https://www.google.com/maps/place/The+Fat+Policeman+Statue/@47.5076282,19.0059231,12z/data=!4m9!1m3!2m2!1shistorical+places+near+Budapest,+Hungary!6e1!3m4!1s0x4741dc1538cd8c3f:0x2c8fcea2479a8025!8m2!3d47.5005358!4d19.0509856?hl=en",
"108","Mihály Vörösmarty Statue","Budapest, Vörösmarty tér 3, 1051 Hungary","","F3W2+H8 Budapest, Hungary","4.4","129","https://www.google.com/maps/place/Mih%C3%A1ly+V%C3%B6r%C3%B6smarty+Statue/@47.5076282,19.0059231,12z/data=!4m9!1m3!2m2!1shistorical+places+near+Budapest,+Hungary!6e1!3m4!1s0x4741dc4088597a3b:0xebcab484a3f67a40!8m2!3d47.4964681!4d19.0507559?hl=en",
"107","Monuments and memorials to the Katyń Massacre in Budapest","Budapest, Katinyi mártírok parkja, 1034 Hungary","","G2JQ+X3 Budapest, Hungary","4.5","88","https://www.google.com/maps/place/Monuments+and+memorials+to+the+Katy%C5%84+Massacre+in+Budapest/@47.5076282,19.0059231,12z/data=!4m9!1m3!2m2!1shistorical+places+near+Budapest,+Hungary!6e1!3m4!1s0x4741d959f9a4e291:0x391d0ca918fb3b7f!8m2!3d47.5324548!4d19.0377429?hl=en",
"106","Zero Kilometre Stone","Budapest, Clark Ádám tér, 1013 Hungary","","F2XR+43 Budapest, Hungary","4.3","520","https://www.google.com/maps/place/Zero+Kilometre+Stone/@47.5076282,19.0059231,12z/data=!4m9!1m3!2m2!1shistorical+places+near+Budapest,+Hungary!6e1!3m4!1s0x4741dc3c504206db:0xd744a89933a55784!8m2!3d47.4978707!4d19.0402487?hl=en",
"105","Gellért Hill Cave","Budapest, 1118 Hungary","","F3M2+WR Budapest, Hungary","4.4","2,760","https://www.google.com/maps/place/Gell%C3%A9rt+Hill+Cave/@47.5076282,19.0059231,12z/data=!4m9!1m3!2m2!1shistorical+places+near+Budapest,+Hungary!6e1!3m4!1s0x4741dc4eecb9b3bf:0xe4276ed6af22ada2!8m2!3d47.4848196!4d19.0520844?hl=en",
"104","Museum of Applied Arts","Budapest, Üllői út 33-37, 1091 Hungary","imm.hu","F3P9+C8 Budapest, Hungary","4.3","641","https://www.google.com/maps/place/Museum+of+Applied+Arts/@47.5076282,19.0059231,12z/data=!4m9!1m3!2m2!1shistorical+places+near+Budapest,+Hungary!6e1!3m4!1s0x4741dc582c04ba7f:0x7aae651443d34046!8m2!3d47.486119!4d19.0682847?hl=en",
"103","Oroszlános udvar","Budapest, Szent György tér 2, 1014 Hungary","oroszlanosudvar.hu","F2WQ+6X Budapest, Hungary","4.6","148","https://www.google.com/maps/place/Oroszl%C3%A1nos+udvar/@47.5076282,19.0059231,12z/data=!4m9!1m3!2m2!1shistorical+places+near+Budapest,+Hungary!6e1!3m4!1s0x4741dc3bf372f7a9:0x70dc34965912bdb7!8m2!3d47.4955755!4d19.0398822?hl=en",
"102","Margaret Island Musical Fountain","Budapest, 1138 Hungary","fokert.hu","G29V+GW Budapest, Hungary","4.8","16,385","https://www.google.com/maps/place/Margaret+Island+Musical+Fountain/@47.5076282,19.0059231,12z/data=!4m9!1m3!2m2!1shistorical+places+near+Budapest,+Hungary!6e1!3m4!1s0x4741dc07164e803b:0x59d48a732b3058c2!8m2!3d47.5187803!4d19.0447954?hl=en",
"101","Holocaust Memorial Center","Budapest, Páva u., 1094 Hungary","hdke.hu","F3MF+F9 Budapest, Hungary","4.4","1,416","https://www.google.com/maps/place/Holocaust+Memorial+Center/@47.5076282,19.0059231,12z/data=!4m9!1m3!2m2!1shistorical+places+near+Budapest,+Hungary!6e1!3m4!1s0x4741dc59455cc0a3:0x349cd6a733f103f3!8m2!3d47.4836593!4d19.0733827?hl=en",
"100","Ronald Reagan Statue","Budapest, Szabadság tér 16, 1054 Hungary","atlasobscura.com","G23X+XW Budapest, Hungary","4.3","244","https://www.google.com/maps/place/Ronald+Reagan+Statue/@47.5076282,19.0059231,12z/data=!4m9!1m3!2m2!1shistorical+places+near+Budapest,+Hungary!6e1!3m4!1s0x4741dc138cb57c27:0x63331efae37ef175!8m2!3d47.5048923!4d19.0498541?hl=en",
"99","Soviet War Memorial","Budapest, Szabadság tér 14, 1054 Hungary","","G332+R4 Budapest, Hungary","4.0","904","https://www.google.com/maps/place/Soviet+War+Memorial/@47.5076282,19.0059231,12z/data=!4m9!1m3!2m2!1shistorical+places+near+Budapest,+Hungary!6e1!3m4!1s0x4741dc1389259bad:0x7e116306995eabed!8m2!3d47.5046068!4d19.050309?hl=en",
"98","Mezőgazdasági Múzeum","Budapest, Vajdahunyad stny., 1146 Hungary","mezogazdasagimuzeum.hu","G37M+W7 Budapest, Hungary","4.5","271","https://www.google.com/maps/place/Mez%C5%91gazdas%C3%A1gi+M%C3%BAzeum/@47.5076282,19.0059231,12z/data=!4m9!1m3!2m2!1shistorical+places+near+Budapest,+Hungary!6e1!3m4!1s0x4741db87440fb607:0xc64a85cef2a31e5a!8m2!3d47.5148419!4d19.0832479?hl=en",
"97","The ELTE Botanical Gardens","Budapest, Illés u. 25, 1083 Hungary","fuveszkert.org","F3MP+G6 Budapest, Hungary","4.7","3,371","https://www.google.com/maps/place/The+ELTE+Botanical+Gardens/@47.5076282,19.0059231,12z/data=!4m9!1m3!2m2!1shistorical+places+near+Budapest,+Hungary!6e1!3m4!1s0x4741dcf010d25313:0x105325f6a30b2c32!8m2!3d47.4838142!4d19.0855274?hl=en",
"96","Hercules Villa","Budapest, Meggyfa u 21, 1033 Hungary","aquincum.hu","G2XQ+JR Budapest, Hungary","4.3","49","https://www.google.com/maps/place/Hercules+Villa/@47.5076282,19.0059231,12z/data=!4m9!1m3!2m2!1shistorical+places+near+Budapest,+Hungary!6e1!3m4!1s0x4741d95c3a7d7547:0x47352725eaa268c3!8m2!3d47.5490325!4d19.0395276?hl=en",
"95","Magyar Tudományos Akadémia Zenetudományi Intézet - Zenetörténeti Múzeum","Budapest, Táncsics Mihály u. 7, 1014 Hungary","zti.hu","G23M+F3 Budapest, Hungary","4.6","95","https://www.google.com/maps/place/Magyar+Tudom%C3%A1nyos+Akad%C3%A9mia+Zenetudom%C3%A1nyi+Int%C3%A9zet+-+Zenet%C3%B6rt%C3%A9neti+M%C3%BAzeum/@47.5076282,19.0059231,12z/data=!4m9!1m3!2m2!1shistorical+places+near+Budapest,+Hungary!6e1!3m4!1s0x4741dc18cb3a0459:0xc9fe192efcf7806c!8m2!3d47.5037116!4d19.0326887?hl=en",
"94","Aquincum Museum","Budapest, Szentendrei út 135, 1031 Hungary","aquincum.hu","H27X+4C Budapest, Hungary","4.5","1,257","https://www.google.com/maps/place/Aquincum+Museum/@47.5076282,19.0059231,12z/data=!4m9!1m3!2m2!1shistorical+places+near+Budapest,+Hungary!6e1!3m4!1s0x4741d99c8d85a27f:0x2358afaccee16728!8m2!3d47.562825!4d19.0485833?hl=en",
"93","Segway Go Tour Budapest","Budapest, Régi posta utca 19, 1052 Hungary","segwaygo.com","F3V3+W7 Budapest, Hungary","4.8","22","https://www.google.com/maps/place/Segway+Go+Tour+Budapest/@47.5076282,19.0059231,12z/data=!4m9!1m3!2m2!1shistorical+places+near+Budapest,+Hungary!6e1!3m4!1s0x4741dc413c94f727:0xf61fa2b10817ee5c!8m2!3d47.4948201!4d19.0531568?hl=en",
"92","Gellért Thermal Bath","Budapest, Kelenhegyi út 4, 1118 Hungary","gellertfurdo.hu","F3M2+FJ Budapest, Hungary","4.2","14,887","https://www.google.com/maps/place/Gell%C3%A9rt+Thermal+Bath/@47.5076282,19.0059231,12z/data=!4m9!1m3!2m2!1shistorical+places+near+Budapest,+Hungary!6e1!3m4!1s0x4741dc4e9c33f309:0xb57da2bfde8d7ab6!8m2!3d47.4837444!4d19.0516211?hl=en",
"91","Fountain of King Matthias","Budapest, Szent György u., 1013 Hungary","kozterkep.hu","F2WQ+FM Budapest, Hungary","4.7","196","https://www.google.com/maps/place/Fountain+of+King+Matthias/@47.5076282,19.0059231,12z/data=!4m9!1m3!2m2!1shistorical+places+near+Budapest,+Hungary!6e1!3m4!1s0x4741dc3c7820408b:0x5a5c631cdb6c09c5!8m2!3d47.4961924!4d19.0391257?hl=en",
"90","Klotild palota","Budapest, Szabad sajtó út 5, 1056 Hungary","","F3V3+5M Budapest, Hungary","4.5","206","https://www.google.com/maps/place/Klotild+palota/@47.5076282,19.0059231,12z/data=!4m9!1m3!2m2!1shistorical+places+near+Budapest,+Hungary!6e1!3m4!1s0x4741dc441c2b7121:0x3ead7c007b46a969!8m2!3d47.4929032!4d19.0541322?hl=en",
"89","Gerard of Csanád Monument","Budapest, Szent Gellért rkp. 16, 1013 Hungary","","F2QW+R6 Budapest, Hungary","4.5","1,070","https://www.google.com/maps/place/Gerard+of+Csan%C3%A1d+Monument/@47.5076282,19.0059231,12z/data=!4m9!1m3!2m2!1shistorical+places+near+Budapest,+Hungary!6e1!3m4!1s0x4741dc480444f519:0x9ab7b4513a6c4966!8m2!3d47.4895793!4d19.0455293?hl=en",
"88","Déli Rondella","Budapest, 1013 Hungary","","F2VR+MG Budapest, Hungary","4.7","112","https://www.google.com/maps/place/D%C3%A9li+Rondella/@47.5076282,19.0059231,12z/data=!4m9!1m3!2m2!1shistorical+places+near+Budapest,+Hungary!6e1!3m4!1s0x4741dc396625d0c9:0x7bee3521275fda2a!8m2!3d47.4941924!4d19.0413292?hl=en",
"87","Semmelweis Museum","Budapest, Apród u. 1-3, 1013 Hungary","semmelweismuseum.hu","F2VV+75 Budapest, Hungary","4.3","302","https://www.google.com/maps/place/Semmelweis+Museum/@47.5076282,19.0059231,12z/data=!4m9!1m3!2m2!1shistorical+places+near+Budapest,+Hungary!6e1!3m4!1s0x4741dc39046da865:0x1e69bd819b62b95!8m2!3d47.4932298!4d19.0429782?hl=en",
"86","Museum of Ethnography","Budapest, Kossuth Lajos tér 12, 1055 Hungary","neprajz.hu","G25X+48 Budapest, Hungary","4.4","932","https://www.google.com/maps/place/Museum+of+Ethnography/@47.5076282,19.0059231,12z/data=!4m9!1m3!2m2!1shistorical+places+near+Budapest,+Hungary!6e1!3m4!1s0x4741dc11a2cb8047:0x1233e87d1f71f7bd!8m2!3d47.5078749!4d19.0483552?hl=en",
"85","Hospital in the Rock","Budapest, Lovas út 4/c, 1012 Hungary","sziklakorhaz.eu","G22J+8G Budapest, Hungary","4.6","5,455","https://www.google.com/maps/place/Hospital+in+the+Rock/@47.5076282,19.0059231,12z/data=!4m9!1m3!2m2!1shistorical+places+near+Budapest,+Hungary!6e1!3m4!1s0x4741dc22481762bb:0x7e1ee242e28cf88a!8m2!3d47.5008483!4d19.0313593?hl=en",
"84","Gatehouse Tower","Budapest, Vajdahunyad stny., 1146 Hungary","mmgm.hu","G38J+7R Budapest, Hungary","4.5","101","https://www.google.com/maps/place/Gatehouse+Tower/@47.5076282,19.0059231,12z/data=!4m9!1m3!2m2!1shistorical+places+near+Budapest,+Hungary!6e1!3m4!1s0x4741db0966543df9:0x3a436f06c933a7bc!8m2!3d47.5157456!4d19.082054?hl=en",
"83","Vörösmarty tér","Budapest, Vörösmarty tér 3, 1051 Hungary","","F3W2+J7 Budapest, Hungary","4.5","731","https://www.google.com/maps/place/V%C3%B6r%C3%B6smarty+t%C3%A9r/@47.5076282,19.0059231,12z/data=!4m9!1m3!2m2!1shistorical+places+near+Budapest,+Hungary!6e1!3m4!1s0x4741dc40883c4ad3:0x4c9f3cfbbfc99606!8m2!3d47.4965881!4d19.0507241?hl=en",
"82","Former Honvéd High Command","Budapest, Szent György tér 2, 1014 Hungary","","F2XP+GP Budapest, Hungary","4.4","74","https://www.google.com/maps/place/Former+Honv%C3%A9d+High+Command/@47.5076282,19.0059231,12z/data=!4m9!1m3!2m2!1shistorical+places+near+Budapest,+Hungary!6e1!3m4!1s0x4741dc3bf2efa4a9:0x550c44b1da6c07e2!8m2!3d47.49875!4d19.0368478?hl=en",
"81","Labyrinth","Budapest, Úri u. 9, 1014 Hungary","labirintus.eu","G22M+3M Budapest, Hungary","3.9","2,555","https://www.google.com/maps/place/Labyrinth/@47.5076282,19.0059231,12z/data=!4m9!1m3!2m2!1shistorical+places+near+Budapest,+Hungary!6e1!3m4!1s0x4741dc22f0d18859:0x2c293641eb0e7a13!8m2!3d47.5001349!4d19.034184?hl=en",
"80","National Museum and Institute of Theatre","Budapest, Krisztina krt. 57, 1013 Hungary","oszmi.hu","F2XH+4R Budapest, Hungary","4.5","49","https://www.google.com/maps/place/National+Museum+and+Institute+of+Theatre/@47.5030689,19.0360985,14z/data=!4m9!1m3!2m2!1shistorical+places+near+Budapest,+Hungary!6e1!3m4!1s0x4741dc23f5c5c39f:0x6981f39534442914!8m2!3d47.4978202!4d19.0295728?hl=en",
"79","Kossuth Monument","Budapest, Kossuth Lajos tér 13-15, 1055 Hungary","","G25W+8W Budapest, Hungary","4.5","185","https://www.google.com/maps/place/Kossuth+Monument/@47.5030689,19.0360985,14z/data=!4m9!1m3!2m2!1shistorical+places+near+Budapest,+Hungary!6e1!3m4!1s0x4741dc11b72c1201:0xc26864ac5bef3b85!8m2!3d47.5082951!4d19.0472534?hl=en",
"78","Statue of the Independence War","Budapest, I. kerület, 1014 Hungary","","F2XP+R3 Budapest, Hungary","4.4","505","https://www.google.com/maps/place/Statue+of+the+Independence+War/@47.5030689,19.0360985,14z/data=!4m9!1m3!2m2!1shistorical+places+near+Budapest,+Hungary!6e1!3m4!1s0x4741dc22d610b363:0x4d777294cf2d1e4d!8m2!3d47.4995974!4d19.0351871?hl=en",
"77","Miklos Ybl statue","Budapest, Ybl Miklós tér 5, 1013 Hungary","","F2VV+P8 Budapest, Hungary","4.7","3","https://www.google.com/maps/place/Miklos+Ybl+statue/@47.5030689,19.0360985,14z/data=!4m9!1m3!2m2!1shistorical+places+near+Budapest,+Hungary!6e1!3m4!1s0x4741ddc8e4227cb7:0xa41686ff85d6e271!8m2!3d47.4943672!4d19.0432508?hl=en",
"76","Szimpla Kert","Budapest, Kazinczy u. 14, 1075 Hungary","szimpla.hu","F3W7+R8 Budapest, Hungary","4.6","39,659","https://www.google.com/maps/place/Szimpla+Kert/@47.5030689,19.0360985,14z/data=!4m9!1m3!2m2!1shistorical+places+near+Budapest,+Hungary!6e1!3m4!1s0x4741dc42a0d20de5:0x267742d3fb311da4!8m2!3d47.4970039!4d19.0633598?hl=en",
"75","Berlin Wall Memorial","Budapest, Csengery u. 37-39, 1067 Hungary","","G348+P4 Budapest, Hungary","4.2","57","https://www.google.com/maps/place/Berlin+Wall+Memorial/@47.5030689,19.0360985,14z/data=!4m9!1m3!2m2!1shistorical+places+near+Budapest,+Hungary!6e1!3m4!1s0x4741dc6e02d324df:0xf683b4fa31006c98!8m2!3d47.5067819!4d19.0652738?hl=en",
"74","Hungarian State Opera","Budapest, Andrássy út 22, 1061 Hungary","opera.hu","G335+38 Budapest, Hungary","4.4","7,461","https://www.google.com/maps/place/Hungarian+State+Opera/@47.5030689,19.0360985,14z/data=!4m9!1m3!2m2!1shistorical+places+near+Budapest,+Hungary!6e1!3m4!1s0x4741dc6b8d9944fd:0x21335121e0a48bce!8m2!3d47.5027169!4d19.0583076?hl=en",
"73","Mace Tower","Budapest, Attila út 25, 1013 Hungary","","F2VR+P5 Budapest, Hungary","4.6","107","https://www.google.com/maps/place/Mace+Tower/@47.5030689,19.0360985,14z/data=!4m9!1m3!2m2!1shistorical+places+near+Budapest,+Hungary!6e1!3m4!1s0x4741dc3bdf2e63c9:0xc6299642990d4826!8m2!3d47.4942622!4d19.0404509?hl=en",
"72","St. Stephen Statue","Budapest, Jezsuita lépcső 1-3, 1011 Hungary","","G22M+QX Budapest, Hungary","4.7","478","https://www.google.com/maps/place/St.+Stephen+Statue/@47.5030689,19.0360985,14z/data=!4m9!1m3!2m2!1shistorical+places+near+Budapest,+Hungary!6e1!3m4!1s0x4741dc22803bab47:0x13967bcd6583bb5!8m2!3d47.5019512!4d19.034943?hl=en",
"71","Lutheran Museum","Budapest, Deák Ferenc tér 4, 1052 Hungary","eom.lutheran.hu","F3W3+QM Budapest, Hungary","4.7","59","https://www.google.com/maps/place/Lutheran+Museum/@47.5030689,19.0360985,14z/data=!4m9!1m3!2m2!1shistorical+places+near+Budapest,+Hungary!6e1!3m4!1s0x4741dc4097536477:0xb25ed7046aebbadd!8m2!3d47.4969151!4d19.0542223?hl=en",
"70","hello HUNGARY","Budapest, Deák Ferenc tér 1052, 1061 Hungary","hellohungary.com","F3X3+5J Budapest, Hungary","4.9","8","https://www.google.com/maps/place/hello+HUNGARY/@47.5030689,19.0360985,14z/data=!4m9!1m3!2m2!1shistorical+places+near+Budapest,+Hungary!6e1!3m4!1s0x4741dd01b5fbe315:0xf4a42aaf2f204031!8m2!3d47.4979465!4d19.0540641?hl=en",
"69","PALOMA Budapest","Budapest, Kossuth Lajos u. 14, 1053 Hungary","palomabudapest.hu","F3V5+H5 Budapest, Hungary","4.4","237","https://www.google.com/maps/place/PALOMA+Budapest/@47.5030689,19.0360985,14z/data=!4m9!1m3!2m2!1shistorical+places+near+Budapest,+Hungary!6e1!3m4!1s0x4741dc43977232e9:0xd993663cc51cccc2!8m2!3d47.493941!4d19.0579354?hl=en",
"68","Castle Garden Bazaar","Budapest, Ybl Miklós tér 2-6, 1013 Hungary","varkertbazar.hu","F2VV+X2 Budapest, Hungary","4.6","5,811","https://www.google.com/maps/place/Castle+Garden+Bazaar/@47.5030689,19.0360985,14z/data=!4m9!1m3!2m2!1shistorical+places+near+Budapest,+Hungary!6e1!3m4!1s0x4741dc394edc1e7b:0xd5817ed16b048e4a!8m2!3d47.4949042!4d19.0426074?hl=en",
"67","Central Market Hall","Budapest, Vámház krt. 1-3, 1093 Hungary","piaconline.hu","F3P5+R9 Budapest, Hungary","4.3","50,972","https://www.google.com/maps/place/Central+Market+Hall/@47.4870848,19.0409835,14z/data=!4m9!1m3!2m2!1shistorical+places+near+Budapest,+Hungary!6e1!3m4!1s0x4741dc4fe2b1c2f7:0xa08c351e7bba2ecc!8m2!3d47.4870848!4d19.058493?hl=en",
"66","House of Hungarian Art Nouveau","Budapest, Honvéd u. 3, 1054 Hungary","magyarszecessziohaza.hu","G342+65 Budapest, Hungary","4.3","276","https://www.google.com/maps/place/House+of+Hungarian+Art+Nouveau/@47.5030689,19.0360985,14z/data=!4m9!1m3!2m2!1shistorical+places+near+Budapest,+Hungary!6e1!3m4!1s0x4741dc13eab1ff25:0x2212e5f9cd891c1d!8m2!3d47.5055833!4d19.0503921?hl=en",
"65","Hungarian National Gallery","Budapest, Szent György tér 2, 1014 Hungary","mng.hu","F2WQ+CV Budapest, Hungary","4.6","3,557","https://www.google.com/maps/place/Hungarian+National+Gallery/@47.5030689,19.0360985,14z/data=!4m9!1m3!2m2!1shistorical+places+near+Budapest,+Hungary!6e1!3m4!1s0x4741dc3b817f7a41:0x2fe2e46b9fd445cd!8m2!3d47.4961134!4d19.0396622?hl=en",
"64","Budapest Zoo & Botanical Garden","Budapest, Állatkerti krt. 6-12, 1146 Hungary","zoobudapest.com","G39H+H3 Budapest, Hungary","4.6","27,842","https://www.google.com/maps/place/Budapest+Zoo+%26+Botanical+Garden/@47.5030689,19.0360985,14z/data=!4m9!1m3!2m2!1shistorical+places+near+Budapest,+Hungary!6e1!3m4!1s0x4741db8896028bc7:0xaf07c6529c6becf2!8m2!3d47.5189977!4d19.0776433?hl=en",
"63","Dohány Street Synagogue","Budapest, Dohány u. 2, 1074 Hungary","dohany-zsinagoga.hu","F3W6+96 Budapest, Hungary","4.4","16,411","https://www.google.com/maps/place/Doh%C3%A1ny+Street+Synagogue/@47.5030689,19.0360985,14z/data=!4m9!1m3!2m2!1shistorical+places+near+Budapest,+Hungary!6e1!3m4!1s0x4741dc42507d41cf:0x4128af63d0508608!8m2!3d47.4959071!4d19.0606139?hl=en",
"62","3D Hungarian History Show","Budapest, Szent Mihály Kápolna, Halászbástya, Szentháromság tér, 1014 Hungary","3dpast.com","G22M+RX Budapest, Hungary","4.2","44","https://www.google.com/maps/place/3D+Hungarian+History+Show/@47.5030689,19.0360985,14z/data=!4m9!1m3!2m2!1shistorical+places+near+Budapest,+Hungary!6e1!3m4!1s0x4741dc187e03839b:0xa89fb8593d807f2b!8m2!3d47.5020398!4d19.0349831?hl=en",
"61","Carl Lutz Memorial","Budapest, Dob u. 12, 1072 Hungary","","F3W6+X4 Budapest, Hungary","4.5","42","https://www.google.com/maps/place/Carl+Lutz+Memorial/@47.5030689,19.0360985,14z/data=!4m9!1m3!2m2!1shistorical+places+near+Budapest,+Hungary!6e1!3m4!1s0x4741dc4277ce9055:0x24ee4a2660b052ff!8m2!3d47.4974872!4d19.0602879?hl=en",
"60","Little Princess Statue","Budapest, Belgrád rkp., 1051 Hungary","","F2WX+97 Budapest, Hungary","4.6","1,354","https://www.google.com/maps/place/Little+Princess+Statue/@47.5076282,19.0059231,12z/data=!4m9!1m3!2m2!1shistorical+places+near+Budapest,+Hungary!6e1!3m4!1s0x4741dc3f6842bf13:0x6f95b1a34b2aad84!8m2!3d47.4959269!4d19.0481593?hl=en",
"59","House of Terror","Budapest, Andrássy út 60, 1062 Hungary","terrorhaza.hu","G348+Q3 Budapest, Hungary","4.0","12,984","https://www.google.com/maps/place/House+of+Terror/@47.5076282,19.0059231,12z/data=!4m9!1m3!2m2!1shistorical+places+near+Budapest,+Hungary!6e1!3m4!1s0x4741dc6e1d41b419:0xade1459037fed6dd!8m2!3d47.5068935!4d19.0651261?hl=en",
"58","Bartók Béla Emlékház","Budapest, Csalán út 29, 1025 Hungary","bartokemlekhaz.hu","GXHR+6V Budapest, Hungary","4.6","160","https://www.google.com/maps/place/Bart%C3%B3k+B%C3%A9la+Eml%C3%A9kh%C3%A1z/@47.5076282,19.0059231,12z/data=!4m9!1m3!2m2!1shistorical+places+near+Budapest,+Hungary!6e1!3m4!1s0x4741ded3138586a1:0x949ffd534452464!8m2!3d47.5280557!4d18.9922378?hl=en",
"57","Millennium Monument","Budapest, Hősök tere, 1146 Hungary","","G38H+27 Budapest, Hungary","4.7","1,462","https://www.google.com/maps/place/Millennium+Monument/@47.5076282,19.0059231,12z/data=!4m9!1m3!2m2!1shistorical+places+near+Budapest,+Hungary!6e1!3m4!1s0x4741db87f9f12169:0x5cc17ccd5bbee1dd!8m2!3d47.5150848!4d19.0781319?hl=en",
"56","Matthias Church","Budapest, Szentháromság tér 2, 1014 Hungary","matyas-templom.hu","G22M+QM Budapest, Hungary","4.7","8,420","https://www.google.com/maps/place/Matthias+Church/@47.5076282,19.0059231,12z/data=!4m9!1m3!2m2!1shistorical+places+near+Budapest,+Hungary!6e1!3m4!1s0x4741dc227e9e2bd7:0x62d0728c6f694ad5!8m2!3d47.5019537!4d19.0341617?hl=en",
"55","Hungarian Jewish Museum and Archives","Budapest, Dohány u. 2, 1077 Hungary","milev.hu","F3W6+92 Budapest, Hungary","4.1","129","https://www.google.com/maps/place/Hungarian+Jewish+Museum+and+Archives/@47.5076282,19.0059231,12z/data=!4m9!1m3!2m2!1shistorical+places+near+Budapest,+Hungary!6e1!3m4!1s0x4741dc42507d41cf:0x3c694e16a451a7a7!8m2!3d47.4959875!4d19.0600283?hl=en",
"54","Hungarian National Museum","Budapest, Múzeum krt. 14-16, 1088 Hungary","mnm.hu","F3R6+FX Budapest, Hungary","4.4","6,522","https://www.google.com/maps/place/Hungarian+National+Museum/@47.5076282,19.0059231,12z/data=!4m9!1m3!2m2!1shistorical+places+near+Budapest,+Hungary!6e1!3m4!1s0x4741dc5b51f0ae53:0xc97d836f390b5f78!8m2!3d47.4911983!4d19.0624765?hl=en",
"53","Elisabeth Bridge","Budapest, Erzsébet híd, 1013 Hungary","","F2RX+9M Budapest, Hungary","4.6","9,312","https://www.google.com/maps/place/Elisabeth+Bridge/@47.5076282,19.0059231,12z/data=!4m9!1m3!2m2!1shistorical+places+near+Budapest,+Hungary!6e1!3m4!1s0x4741dc47b179f457:0xae0debf3e5578d47!8m2!3d47.4908824!4d19.0491978?hl=en",
"52","Elizabeth Square","Budapest, Deák Ferenc tér 2, 1052 Hungary","","F3X3+73 Budapest, Hungary","4.5","11,038","https://www.google.com/maps/place/Elizabeth+Square/@47.5076282,19.0059231,12z/data=!4m9!1m3!2m2!1shistorical+places+near+Budapest,+Hungary!6e1!3m4!1s0x4741dc4034be910f:0xb102ef4114e51f30!8m2!3d47.4982313!4d19.0526651?hl=en",
"51","Historical City Wall Exhibition","Budapest, Királyi Pál u. 13b, 1053 Hungary","imaginebp.hu","F3Q5+GX Budapest, Hungary","4.5","22","https://www.google.com/maps/place/Historical+City+Wall+Exhibition/@47.5076282,19.0059231,12z/data=!4m9!1m3!2m2!1shistorical+places+near+Budapest,+Hungary!6e1!3m4!1s0x4741dc5ac7d311fd:0x80e76390efebd503!8m2!3d47.4888069!4d19.0599825?hl=en",
"50","Hungarian Museum of the History of Cartography Profession","Budapest, Szilágyi Erzsébet fasor 9, 1024 Hungary","militaria.hu","G259+FV Budapest, Hungary","3.9","9","https://www.google.com/maps/place/Hungarian+Museum+of+the+History+of+Cartography+Profession/@47.5076282,19.0059231,12z/data=!4m9!1m3!2m2!1shistorical+places+near+Budapest,+Hungary!6e1!3m4!1s0x4741dea3e8c57e1d:0xc23be754e0e9e156!8m2!3d47.5086857!4d19.019721?hl=en",
"49","Imre Varga Collection","Budapest, Laktanya u. 7, 1033 Hungary","budapestgaleria.hu","G2RW+X8 Budapest, Hungary","4.6","37","https://www.google.com/maps/place/Imre+Varga+Collection/@47.5076282,19.0059231,12z/data=!4m9!1m3!2m2!1shistorical+places+near+Budapest,+Hungary!6e1!3m4!1s0x4741d960c472a441:0xb131454d43389de6!8m2!3d47.5423866!4d19.0458029?hl=en",
"48","Kossuth Lajos Square","Budapest, Kossuth Lajos tér, 1055 Hungary","","G24W+RW Budapest, Hungary","4.7","5,687","https://www.google.com/maps/place/Kossuth+Lajos+Square/@47.5076282,19.0059231,12z/data=!4m9!1m3!2m2!1shistorical+places+near+Budapest,+Hungary!6e1!3m4!1s0x4741dc110c5da187:0x38d5f3c53d0146d5!8m2!3d47.5070167!4d19.0473596?hl=en",
"47","Girl With Her Dog Statue","Budapest, Belgrád rkp., 1056 Hungary","kozterkep.hu","F2WX+6C Budapest, Hungary","4.7","101","https://www.google.com/maps/place/Girl+With+Her+Dog+Statue/@47.5076282,19.0059231,12z/data=!4m9!1m3!2m2!1shistorical+places+near+Budapest,+Hungary!6e1!3m4!1s0x4741dc3f5e9cefd7:0x6faf0b186ce630fb!8m2!3d47.495547!4d19.0485007?hl=en",
"46","Immaculata (Szűz Mária)-szobor","Budapest, Gyulai Pál u. 2, 1085 Hungary","hu.wikipedia.org","F3W8+9R Budapest, Hungary","4.6","8","https://www.google.com/maps/place/Immaculata+(Sz%C5%B1z+M%C3%A1ria)-szobor/@47.5076282,19.0059231,12z/data=!4m9!1m3!2m2!1shistorical+places+near+Budapest,+Hungary!6e1!3m4!1s0x4741dc5d7af8c05b:0xd24f3e3c1658e4d4!8m2!3d47.4958813!4d19.0670122?hl=en",
"45","Hungarian Natural History Museum","Budapest, Ludovika tér 2, 1083 Hungary","nhmus.hu","F3JP+W7 Budapest, Hungary","4.5","3,650","https://www.google.com/maps/place/Hungarian+Natural+History+Museum/@47.5076282,19.0059231,12z/data=!4m9!1m3!2m2!1shistorical+places+near+Budapest,+Hungary!6e1!3m4!1s0x4741dce5181a01d9:0x69fc1a403264778c!8m2!3d47.482324!4d19.0856599?hl=en",
"44","City Sightseeing Budapest","Budapest, Asbóth u. 6, 1075 Hungary","citysightseeingbudapest.org","F3W5+W2 Budapest, Hungary","1.7","40","https://www.google.com/maps/place/City+Sightseeing+Budapest/@47.5076282,19.0059231,12z/data=!4m9!1m3!2m2!1shistorical+places+near+Budapest,+Hungary!6e1!3m4!1s0x4741dc421d637f81:0x1fef4b4b70a9fadd!8m2!3d47.4972613!4d19.0575768?hl=en",
"43","City Park","Budapest, Kós Károly stny., 1146 Hungary","varosliget.info","G37P+P3 Budapest, Hungary","4.6","47,749","https://www.google.com/maps/place/City+Park/@47.5076282,19.0059231,12z/data=!4m9!1m3!2m2!1shistorical+places+near+Budapest,+Hungary!6e1!3m4!1s0x4741db80afd8e9b1:0x757db90f482bea97!8m2!3d47.514292!4d19.085244?hl=en",
"42","Liberty Square","Budapest, Szabadság tér, 1054 Hungary","","G332+H6 Budapest, Hungary","4.5","13,100","https://www.google.com/maps/place/Liberty+Square/@47.5076282,19.0059231,12z/data=!4m9!1m3!2m2!1shistorical+places+near+Budapest,+Hungary!6e1!3m4!1s0x4741dc1479087f53:0x4ffd46a712e22e81!8m2!3d47.5039749!4d19.0506096?hl=en",
"41","Military History Museum","Budapest, Kapisztrán tér 2-4, 1014 Hungary","militaria.hu","G23H+M3 Budapest, Hungary","4.5","1,327","https://www.google.com/maps/place/Military+History+Museum/@47.5076282,19.0059231,12z/data=!4m9!1m3!2m2!1shistorical+places+near+Budapest,+Hungary!6e1!3m4!1s0x4741dc1f93eb432b:0xb0df4b8910c73d13!8m2!3d47.5041412!4d19.0276384?hl=en",
"40","Memento Park","Budapest, Balatoni út - Szabadkai utca sarok, 1223 Hungary","mementopark.hu","CXGX+GH Budapest, Hungary","3.9","2,361","https://www.google.com/maps/place/Memento+Park/@47.4263652,18.9288921,12z/data=!4m9!1m3!2m2!1shistorical+places+near+Budapest,+Hungary!6e1!3m4!1s0x4741e76cbfdf46bb:0xb7f9917af5ce63cc!8m2!3d47.4263652!4d18.9989299?hl=en",
"39","Barlanglakás emlékmúzeum","Budapest, Veréb u. 4, 1222 Hungary","klauzalhaz.hu","C29J+P8 Budapest, Hungary","4.6","78","https://www.google.com/maps/place/Barlanglak%C3%A1s+eml%C3%A9km%C3%BAzeum/@47.419312,18.9607301,12z/data=!4m9!1m3!2m2!1shistorical+places+near+Budapest,+Hungary!6e1!3m4!1s0x4741e7a1a3268423:0x938a21e081379dcb!8m2!3d47.419312!4d19.0307679?hl=en",
"38","Széchenyi Chain Bridge","Budapest, Széchenyi Lánchíd, 1051 Hungary","","F2XV+HF Budapest, Hungary","4.7","49,069","https://www.google.com/maps/place/Sz%C3%A9chenyi+Chain+Bridge/@47.5076282,19.0059231,12z/data=!4m9!1m3!2m2!1shistorical+places+near+Budapest,+Hungary!6e1!3m4!1s0x4741dc3fb79a1a29:0x1e40fed785d0c9a4!8m2!3d47.4989928!4d19.0436994?hl=en",
"37","Liberty Statue","Budapest, 1118 Hungary","","F2PX+M7 Budapest, Hungary","4.7","3,839","https://www.google.com/maps/place/Liberty+Statue/@47.5076282,19.0059231,12z/data=!4m9!1m3!2m2!1shistorical+places+near+Budapest,+Hungary!6e1!3m4!1s0x4741dc491eb99ec7:0x8ed8232c1fc009a4!8m2!3d47.4867231!4d19.0481505?hl=en",
"36","Memorial House Rudnay Gyula","Budapest, Ferenc krt. 40, 1092 Hungary","","F3M9+WP Budapest, Hungary","3.9","9","https://www.google.com/maps/place/Memorial+House+Rudnay+Gyula/@47.5076282,19.0059231,12z/data=!4m9!1m3!2m2!1shistorical+places+near+Budapest,+Hungary!6e1!3m4!1s0x4741dc57eb04f191:0xf330b661a88e5768!8m2!3d47.4848591!4d19.0693112?hl=en",
"35","Bibó István sculpture","Lipótváros, Hungary","","G26W+37 Budapest, Hungary","4.3","23","https://www.google.com/maps/place/Bib%C3%B3+Istv%C3%A1n+sculpture/@47.5076282,19.0059231,12z/data=!4m9!1m3!2m2!1shistorical+places+near+Budapest,+Hungary!6e1!3m4!1s0x4741dc101e165ad9:0xf401836650005bcc!8m2!3d47.5101635!4d19.0457413?hl=en",
"34","Székács-villa","Budapest, Városligeti fasor 31, 1071 Hungary","kitervezte.hu","G35H+Q2 Budapest, Hungary","4.7","12","https://www.google.com/maps/place/Sz%C3%A9k%C3%A1cs-villa/@47.5076282,19.0059231,12z/data=!4m9!1m3!2m2!1shistorical+places+near+Budapest,+Hungary!6e1!3m4!1s0x4741dc7bd3e68175:0x8258d0d63f64c4aa!8m2!3d47.5094503!4d19.0775557?hl=en",
"33","Kéményseprő ház","Budapest, Bródy Sándor u. 15, 1088 Hungary","lasdbudapestet.blogspot.hu","F3V8+3G Budapest, Hungary","4.0","16","https://www.google.com/maps/place/K%C3%A9m%C3%A9nysepr%C5%91+h%C3%A1z/@47.5076282,19.0059231,12z/data=!4m9!1m3!2m2!1shistorical+places+near+Budapest,+Hungary!6e1!3m4!1s0x4741dc5c5d59420b:0x2eacd68e467f7189!8m2!3d47.4926976!4d19.0663534?hl=en",
"32","Raoul Wallenberg Holocaust Memorial Park","Budapest, Síp u. 10, 1075 Hungary","","F3W6+HF Budapest, Hungary","4.3","96","https://www.google.com/maps/place/Raoul+Wallenberg+Holocaust+Memorial+Park/@47.5076282,19.0059231,12z/data=!4m9!1m3!2m2!1shistorical+places+near+Budapest,+Hungary!6e1!3m4!1s0x4741dc42927e7aa9:0x53e4101926b88fc6!8m2!3d47.4964042!4d19.0612131?hl=en",
"31","Gellért Hill","Budapest, Citadella stny. 350, 1118 Hungary","","F2PW+M6 Budapest, Hungary","4.7","31,584","https://www.google.com/maps/place/Gell%C3%A9rt+Hill/@47.5076282,19.0059231,12z/data=!4m9!1m3!2m2!1shistorical+places+near+Budapest,+Hungary!6e1!3m4!1s0x4741dc49c882d917:0x46eafeae87ffd952!8m2!3d47.4867157!4d19.045604?hl=en",
"30","Citizens' Holocaust Memorial","Budapest, Szabadság tér, 1054 Hungary","","G332+67 Budapest, Hungary","4.6","9","https://www.google.com/maps/place/Citizens'+Holocaust+Memorial/@47.5076282,19.0059231,12z/data=!4m9!1m3!2m2!1shistorical+places+near+Budapest,+Hungary!6e1!3m4!1s0x4741dc148ae6d845:0x409591fa24df4766!8m2!3d47.5030992!4d19.0506718?hl=en",
"29","Nemecsek Erno's home.","Budapest, Hőgyes Endre u. 3, 1092 Hungary","","F3M8+WX Budapest, Hungary","4.5","4","https://www.google.com/maps/place/Nemecsek+Erno's+home./@47.5076282,19.0059231,12z/data=!4m9!1m3!2m2!1shistorical+places+near+Budapest,+Hungary!6e1!3m4!1s0x4741dde4ff036de7:0xe495b19b298bfb67!8m2!3d47.4848071!4d19.0674252?hl=en",
"28","Oroszlános ház","Budapest, Kálvin tér 9, 1091 Hungary","","F3Q6+GP Budapest, Hungary","4.2","6","https://www.google.com/maps/place/Oroszl%C3%A1nos+h%C3%A1z/@47.5076282,19.0059231,12z/data=!4m9!1m3!2m2!1shistorical+places+near+Budapest,+Hungary!6e1!3m4!1s0x4741dc5aee3145d5:0xa6fd31a94c21e59a!8m2!3d47.48883!4d19.0618137?hl=en",
"27","Monument To The Roma Victims Of The Holocaust","Budapest, 1097 Hungary","","F3J7+GG Budapest, Hungary","5.0","1","https://www.google.com/maps/place/Monument+To+The+Roma+Victims+Of+The+Holocaust/@47.5076282,19.0059231,12z/data=!4m9!1m3!2m2!1shistorical+places+near+Budapest,+Hungary!6e1!3m4!1s0x4741dd6036db172d:0xdacf0b7b81b36ad0!8m2!3d47.4813334!4d19.063766?hl=en",
"26","Pomnik św. Elżbiety Węgierskiej","Unnamed Road, 1074 Hungary","","G32G+J8 Budapest, Hungary","","","https://www.google.com/maps/place/Pomnik+%C5%9Bw.+El%C5%BCbiety+W%C4%99gierskiej/@47.5076282,19.0059231,12z/data=!4m9!1m3!2m2!1shistorical+places+near+Budapest,+Hungary!6e1!3m4!1s0x4741dd12b1cf3991:0x40b3ac490ce1b9a5!8m2!3d47.5015029!4d19.0758475?hl=en",
"25","Vigadó Fountain","Budapest, Vigadó tér, 1051 Hungary","","F2WX+7G Budapest, Hungary","4.8","19","https://www.google.com/maps/place/Vigad%C3%B3+Fountain/@47.5076282,19.0059231,12z/data=!4m9!1m3!2m2!1shistorical+places+near+Budapest,+Hungary!6e1!3m4!1s0x4741ddf1b9be31bd:0x1d5888a267253aec!8m2!3d47.4956984!4d19.0487725?hl=en",
"24","Buda - Nyeki Medieval Hunter Castle (ruin) Budapest","Budapest, Hűvösvölgyi út 78, 1021 Hungary","nemzetimuemlek.hu","GXGJ+PW Budapest, Hungary","3.6","23","https://www.google.com/maps/place/Buda+-+Nyeki+Medieval+Hunter+Castle+(ruin)+Budapest/@47.5076282,19.0059231,12z/data=!4m9!1m3!2m2!1shistorical+places+near+Budapest,+Hungary!6e1!3m4!1s0x4741ded5e59ded5b:0x7c50774cf8796d30!8m2!3d47.5267863!4d18.9823589?hl=en",
"23","Kossuth-híd emléktábla (budai oldal)","Budapest, 1011 Hungary","","G24Q+5R Budapest, Hungary","4.4","8","https://www.google.com/maps/place/Kossuth-h%C3%ADd+eml%C3%A9kt%C3%A1bla+(budai+oldal)/@47.5076282,19.0059231,12z/data=!4m9!1m3!2m2!1shistorical+places+near+Budapest,+Hungary!6e1!3m4!1s0x4741dc19ee81bb79:0x433af79ac6e5f97d!8m2!3d47.5053844!4d19.0395539?hl=en",
"22","Aquincumi Helytartói Palota","Budapest Unnamed Road, 1033 Hungary","aquincum.hu","G2WX+7P Budapest, Hungary","4.1","13","https://www.google.com/maps/place/Aquincumi+Helytart%C3%B3i+Palota/@47.5076282,19.0059231,12z/data=!4m9!1m3!2m2!1shistorical+places+near+Budapest,+Hungary!6e1!3m4!1s0x4741d963bcc4cb83:0xdf15441422c743ea!8m2!3d47.5457277!4d19.0493554?hl=en",
"21","Church of Saint Mary Magdalene","Budapest, Kapisztrán tér 6, 1014 Hungary","budatower.hu","G23H+FH Budapest, Hungary","4.5","1,322","https://www.google.com/maps/place/Church+of+Saint+Mary+Magdalene/@47.5076282,19.0059231,12z/data=!4m9!1m3!2m2!1shistorical+places+near+Budapest,+Hungary!6e1!3m4!1s0x4741dc1f769fac1d:0x8f3abb742c49a904!8m2!3d47.5036786!4d19.0288766?hl=en",
"20","Church of Saint Mary Magdalene","Budapest, Kapisztrán tér 6, 1014 Hungary","budatower.hu","G23H+FH Budapest, Hungary","4.5","1,322","https://www.google.com/maps/place/Church+of+Saint+Mary+Magdalene/@47.5076282,19.0059231,12z/data=!4m8!1m2!2m1!1shistorical+places+near+Budapest,+Hungary!3m4!1s0x4741dc1f769fac1d:0x8f3abb742c49a904!8m2!3d47.5036786!4d19.0288766?hl=en",
"19","Hungarian Railway Museum","Budapest, Tatai u. 95, 1142 Hungary","vasuttortenetipark.hu","G3RW+X7 Budapest, Hungary","4.6","6,514","https://www.google.com/maps/place/Hungarian+Railway+Museum/@47.5076282,19.0059231,12z/data=!4m8!1m2!2m1!1shistorical+places+near+Budapest,+Hungary!3m4!1s0x4741dbb005590c21:0xcde5286983fa607b!8m2!3d47.5424524!4d19.0956518?hl=en",
"18","Lion Fountain","Budapest, Vörösmarty tér, 1051 Hungary","","F3W2+P8 Budapest, Hungary","4.4","231","https://www.google.com/maps/place/Lion+Fountain/@47.5076282,19.0059231,12z/data=!4m8!1m2!2m1!1shistorical+places+near+Budapest,+Hungary!3m4!1s0x4741dc406349f409:0x1b6a3f039e3e98d0!8m2!3d47.4968367!4d19.0508334?hl=en",
"17","Heroes' Square","Budapest, Hősök tere, 1146 Hungary","","G37H+X4 Budapest, Hungary","4.6","53,462","https://www.google.com/maps/place/Heroes'+Square/@47.5076282,19.0059231,12z/data=!4m8!1m2!2m1!1shistorical+places+near+Budapest,+Hungary!3m4!1s0x4741db87f9f12169:0x34417cbcba48293f!8m2!3d47.5149429!4d19.0778626?hl=en",
"16","Lajos Batthyányi Eternal Flame","Budapest, 1054 Hungary","","G342+CQ Budapest, Hungary","4.6","269","https://www.google.com/maps/place/Lajos+Batthy%C3%A1nyi+Eternal+Flame/@47.5076282,19.0059231,12z/data=!4m8!1m2!2m1!1shistorical+places+near+Budapest,+Hungary!3m4!1s0x4741dc13af4de24f:0x4490faf8a9d05d90!8m2!3d47.5060176!4d19.05197?hl=en",
"15","Elizabeth Lookout","Budapest, 1121 Hungary","normafapark.hu","GX95+7Q Budapest, Hungary","4.8","2,370","https://www.google.com/maps/place/Elizabeth+Lookout/@47.5076282,19.0059231,12z/data=!4m8!1m2!2m1!1shistorical+places+near+Budapest,+Hungary!3m4!1s0x4741df3cc6e35899:0x7a9b5aade9d8d18b!8m2!3d47.5181968!4d18.9593825?hl=en",
"14","Palais Krausz","Budapest, Andrássy út 12, 1061 Hungary","","G324+HW Budapest, Hungary","","","https://www.google.com/maps/place/Palais+Krausz/@47.5076282,19.0059231,12z/data=!4m8!1m2!2m1!1shistorical+places+near+Budapest,+Hungary!3m4!1s0x4741dc6ba44593c9:0x94e36f0918f7c490!8m2!3d47.5014271!4d19.0573468?hl=en",
"13","Budapest Ghetto Water Tap Memorial Plaque","Budapest, Rumbach Sebestyén u. 8, 1075 Hungary","","F3W5+WJ Budapest, Hungary","","","https://www.google.com/maps/place/Budapest+Ghetto+Water+Tap+Memorial+Plaque/@47.5076282,19.0059231,12z/data=!4m8!1m2!2m1!1shistorical+places+near+Budapest,+Hungary!3m4!1s0x4741dd75444281c9:0xd214fe4d45a41792!8m2!3d47.4973418!4d19.0590879?hl=en",
"12","Amphitheatrum","Budapest, 1036, Bécsi út 85, 1036 Hungary","","G2MQ+4H Budapest, Hungary","4.5","363","https://www.google.com/maps/place/Amphitheatrum/@47.5076282,19.0059231,12z/data=!4m8!1m2!2m1!1shistorical+places+near+Budapest,+Hungary!3m4!1s0x4741d959ec12525b:0x95d9a8ae7506c936!8m2!3d47.5327563!4d19.038967?hl=en",
"11","Törley-mauzóleum","Budapest, Sarló u. 6, 1221 Hungary","","C2JJ+HR Budapest, Hungary","4.1","45","https://www.google.com/maps/place/T%C3%B6rley-mauz%C3%B3leum/@47.4314305,18.9619949,12z/data=!4m8!1m2!2m1!1shistorical+places+near+Budapest,+Hungary!3m4!1s0x4741e7782105c097:0xc64e9e0c52224595!8m2!3d47.4314305!4d19.0320327?hl=en",
"10","Roman City of Aquincum","Budapest, Szentendrei út 139, 1031 Hungary","aquincum.hu","H27X+JM Budapest, Hungary","4.5","85","https://www.google.com/maps/place/Roman+City+of+Aquincum/@47.5076282,19.0059231,12z/data=!4m8!1m2!2m1!1shistorical+places+near+Budapest,+Hungary!3m4!1s0x4741d99cede42d3f:0xc31fb70abfceb4f7!8m2!3d47.5640496!4d19.0492125?hl=en",
"9","Buda Castle","Budapest, Szent György tér 3, 1014 Hungary","budacastlebudapest.com","F2WQ+GW Budapest, Hungary","4.8","930","https://www.google.com/maps/place/Buda+Castle/@47.5076282,19.0059231,12z/data=!4m8!1m2!2m1!1shistorical+places+near+Budapest,+Hungary!3m4!1s0x4741dc3c8c94ccc9:0xeb87d955072a40fe!8m2!3d47.4963247!4d19.0397653?hl=en",
"8","Palais Péterffy","Budapest, Piarista u. 2, 1052 Hungary","","F3V2+7P Budapest, Hungary","","","https://www.google.com/maps/place/Palais+P%C3%A9terffy/@47.5076282,19.0059231,12z/data=!4m8!1m2!2m1!1shistorical+places+near+Budapest,+Hungary!3m4!1s0x4741dc3c50446ffb:0x42b5de366533d267!8m2!3d47.4931914!4d19.0517763?hl=en",
"7","Shoes on the Danube Bank","Budapest, Id. Antall József rkp., 1054 Hungary","","G23W+P5 Budapest, Hungary","4.6","","https://www.google.com/maps/place/Shoes+on+the+Danube+Bank/@47.5076282,19.0059231,12z/data=!4m8!1m2!2m1!1shistorical+places+near+Budapest,+Hungary!3m4!1s0x4741dc16742d64df:0xf68e196cbecb6ad6!8m2!3d47.504351!4d19.0453846?hl=en",
"6","Citadella","Budapest, 1118 Hungary","","F2PW+QJ Budapest, Hungary","4.7","17,328","https://www.google.com/maps/place/Citadella/@47.5076282,19.0059231,12z/data=!4m8!1m2!2m1!1shistorical+places+near+Budapest,+Hungary!3m4!1s0x4741dc49ab6e5bad:0x775242a5bed40440!8m2!3d47.4869897!4d19.046548?hl=en",
"5","Hungarian Parliament Building","Budapest, Kossuth Lajos tér 1-3, 1055 Hungary","parlament.hu","G24W+R7 Budapest, Hungary","4.8","8,968","https://www.google.com/maps/place/Hungarian+Parliament+Building/@47.5076282,19.0059231,12z/data=!4m8!1m2!2m1!1shistorical+places+near+Budapest,+Hungary!3m4!1s0x4741dc1046d4a33d:0x342122b8ff8f0f6e!8m2!3d47.507121!4d19.045669?hl=en",
"4","Fisherman's Bastion","Budapest, Szentháromság tér, 1014 Hungary","budavar.hu","G22M+VW Budapest, Hungary","4.8","53,753","https://www.google.com/maps/place/Fisherman's+Bastion/@47.5076282,19.0059231,12z/data=!4m8!1m2!2m1!1shistorical+places+near+Budapest,+Hungary!3m4!1s0x4741dc227fb4a99d:0x2f263ca844235e46!8m2!3d47.5021827!4d19.0347812?hl=en",
"3","Vajdahunyad Castle","Budapest, Vajdahunyad stny., 1146 Hungary","mezogazdasagimuzeum.hu","G37M+X6 Budapest, Hungary","4.7","12,166","https://www.google.com/maps/place/Vajdahunyad+Castle/@47.5076282,19.0059231,12z/data=!4m8!1m2!2m1!1shistorical+places+near+Budapest,+Hungary!3m4!1s0x4741db8711eda2a1:0xbcf7e467d55d9f8e!8m2!3d47.5148896!4d19.0830593?hl=en",
"2","Buda Castle","Budapest, Szent György tér 2, 1014 Hungary","budavar.hu","F2WQ+FR Budapest, Hungary","4.7","31,366","https://www.google.com/maps/place/Buda+Castle/@47.5076282,19.0059231,12z/data=!4m8!1m2!2m1!1shistorical+places+near+Budapest,+Hungary!3m4!1s0x4741dc3cea360f0f:0x3dce3a5fa9012576!8m2!3d47.4962048!4d19.0395666?hl=en",
"1","Castle District","Budapest, Országház u. 2, 1014 Hungary","budavarikapu.hu","G22M+HC Budapest, Hungary","4.7","72,754","https://www.google.com/maps/place/Castle+District/@47.5076282,19.0059231,12z/data=!4m8!1m2!2m1!1shistorical+places+near+Budapest,+Hungary!3m4!1s0x4741dc22706ec2b9:0x4980c2155e8aa1d2!8m2!3d47.5014915!4d19.0335972?hl=en",
